"Original Text","Initial","Machine translation","Better translation","Best translation"
"スパイダー騎乗位","","","",""
"hscene/h_frame.png","","","",""
"hscene/h_bg_011.png","","","",""
"■身体のベース","","","",""
"上","","","",""
"1.4.0/v144_cg20_a4.jpg","","","",""
"1.4.0/v144_cg20_a2.jpg","","","",""
"1.4.0/v144_cg20_a3.jpg","","","",""
"1.4.0/v144_cg20_a1.jpg","","","",""
"中","","","",""
"1.4.0/v144_cg20_b4.jpg","","","",""
"1.4.0/v144_cg20_b2.jpg","","","",""
"1.4.0/v144_cg20_b3.jpg","","","",""
"1.4.0/v144_cg20_b1.jpg","","","",""
"下","","","",""
"1.4.0/v144_cg20_c4.jpg","","","",""
"1.4.0/v144_cg20_c2.jpg","","","",""
"1.4.0/v144_cg20_c3.jpg","","","",""
"1.4.0/v144_cg20_c1.jpg","","","",""
"■表情の表示","","","",""
"基本","","","",""
"1.4.0/v144_cg20_a_mayu.png","","","",""
"困る","","","",""
"1.4.0/v144_cg20_a_eye.png","","","",""
"1.4.0/v144_cg20_a_mouth.png","","","",""
"1.4.0/v144_cg20_b_mayu.png","","","",""
"1.4.0/v144_cg20_b_eye.png","","","",""
"1.4.0/v144_cg20_b_mouth.png","","","",""
"1.4.0/v144_cg20_c_mayu.png","","","",""
"1.4.0/v144_cg20_c_eye.png","","","",""
"1.4.0/v144_cg20_c_mouth.png","","","",""
"ポーズ","","","",""
"まゆげ","","","",""
"目","","","",""
"くち","","","",""
"普通","","","",""
"ひらく瞬きあり","","","",""
"ひらく瞬きなし","","","",""
"半分瞬きあり","","","",""
"半分瞬きなし","","","",""
"閉じる","","","",""
"変化させない","","","",""
"小さく開く","","","",""
"微笑み","","","",""
"笑顔","","","",""
"大きく開く","","","",""
"感じる","","","",""
"座標X","","","",""
"座標Y","","","",""
